{"ts": 1781975949.287968, "chain": 0, "anchor": 0, "candidate": "dup-k01-000", "seed": 1, "labels_done": 5, "last_lift_acc": 0.171875, "last_lift_nll": 1.573492559514366}